Title,Categories,Ambiguous
West African bloc risks 'disintegration' if juntas quit,[],False
South African football star held up at gunpoint,['Sports'],False
Liberian president cuts his salary by 40%,['Politics'],False
Accused of witchcraft then murdered for land,[],False
Forget Ethiopia's Spice Girls - this singer salutes the true queens,[],False
Junta chiefs 'turn their backs' on West Africa bloc,[],False
Couple share secrets of 50-year marriage in Nigeria's 'divorce capital',[],False
Kenyan leader faces furious young people in online debate,[],False
Historic first as president takes on Kenya's online army,['Politics'],False
Tanzanian artist who burned president's picture jailed,['Politics'],False
"Flames, chains and grains: Africa's top shots",[],False
DR Congo soldiers sentenced to death for desertion,['Violence'],False
Ghana chef accused of faking Guinness World Records award,[],False
The ex-gangster who has become South Africa's sports minister,['Sports'],False
Rare plants hidden in toys - and other trafficking tactics,[],False
Pay rise freeze for Kenyan MPs after public anger,[],False
Cameroon president's daughter hints at same-sex relationship,['Politics'],False
Child marriage ban welcomed in Sierra Leone,[],False
The bid to heal the Horn of Africa port controversy,[],False
The school bringing hope to children fleeing Sudan's war,[],False
Tear gas fired at anti-government protesters in Kenya,['Politics'],False
Asthma: ‘People shouldn’t be paying to breathe’,[],False
Suspected female suicide bombers death toll rises to 32 in Nigeria,['Violence'],False
The Malawi music icon who became a 'soldier for the poor',[],False
Burkina Faso media guide,[],False
Mauritanian president comfortably wins re-election,['Politics'],False
South Africa's new coalition government unveiled,['Politics'],False
Tyla wins big as South African artists triumph at BET Awards,[],False
Kenya to borrow more after new taxes withdrawn - president,['Politics'],False
The winners and losers in South Africa's historic new government,['Politics'],False
I recognised my sister in video of refugees captured in Sudan war,[],False
The UK taxi driver still being paid as a Nigerian civil servant,[],False
Kenya protesters traumatised by abductions - lawyer,[],False
Protesters set fire to Kenya's parliament - but also saved two MPs,[],False
Kenyan court allows military deployment to quell protests,[],False
Top designer vows to regrow dreadlocks cut after Uganda arrest,[],False
"Rock stars, wrestlers and pilgrims: Africa's top shots",[],False
SA president hits out at coalition partner in fierce row,['Politics'],False
Police fire tear gas at renewed Kenya protests,[],False
Kenya's president withdraws tax plan after deadly protest,['Politics'],False
The Nigerian queer parties that offer liberation,[],False
Kenyan president's humbling shows power of African youth,['Politics'],False
Timbuktu's jihadist police chief guilty of war crimes,[],False
Thirteen killed and parliament set ablaze in Kenya protests - medics,['Violence'],False
New mpox strain in DR Congo 'most dangerous yet',[],False
"Brave, inspiring, crazy - the joy of managing Fela Kuti",[],False
Kenyan president faces tough choices after day of bloodshed,['Politics'],False
Protests flare in Nairobi over new tax laws,[],False
What are Kenya's controversial tax proposals?,[],True
Watch: Live BBC report interrupted by man with gun in Nairobi,[],False
Impeached South African judge becomes MP for Zuma's party,[],False
WATCH: Gunshots heard as protesters rush Kenya parliament compound,[],False
Millions of children going hungry in Sudan - Unicef,[],False
Deadly crush at rally as Rwanda election campaign starts,['Politics'],False
Malian singer detained in Italy in child custody row,[],False
How islanders are saving their Indian Ocean coral reef,[],False
Why a 12-year-old took action against period poverty,[],False
Niger confirms anti-junta rebels behind oil attack,[],False
Top comedian sworn in as Malawi's vice-president,['Politics'],False
Anger after protester shot dead at Kenya anti-tax demos,[],False
Gay sex ban in Namibia ruled unconstitutional,[],False
"Passion, pilots and panache: Africa's top shots",[],False
Attack on army base fuels Burkina Faso mutiny rumours,[],False
Police battle anti-tax demonstrators as Kenya protests spread,[],False
South African MP suspended for racist language,[],False
New faces of protest - Kenya's Gen Z anti-tax revolutionaries,[],False
Ugandan designer 'depressed' after dreadlocks cut in jail,[],False
Step-son of Malawi's ex-leader acquitted over migrant deaths,['Violence'],False
Deadly explosions rock Chad after ammunition depot fire,[],False
South Africa's Ramaphosa vows 'new era' at inauguration,[],False
Fatalities after fire engulfs large ammunition dump in Chad,[],False
Hunting the 'Big Five' on South Africa's walls,[],False
Kenya scraps bread tax as protesters tear-gassed,[],False
‘And my favourite place in Africa is…’,[],False
Rema's Calm Down makes Afrobeats history in the US,[],False
'I would be beheaded': Islamist insurgency flares in Mozambique,[],False
Mourners killed by car as Malawi VP's funeral convoy passes,['Violence'],False
Zuma's MK party to join South Africa's opposition alliance,[],False
"Cyril Ramaphosa - union leader, mine boss, president",['Politics'],False
Malawians pay tribute to vice-president killed in plane crash,"['Politics', 'Violence']",False
Muted Eid celebrations for millions of Nigerian Muslims,[],False
How a Kenyan farmer became a champion of climate change denial,[],False
Kenyan magistrate dies after shooting by policeman,[],False
Millions in daily struggle to find food as Sudan war rages,[],False
Cyril Ramaphosa re-elected South African president,['Politics'],False
ANC and DA agree on South Africa unity government,['Politics'],False
President toppled in Niger coup loses immunity,['Politics'],False
A landmark moment in South Africa for a humbled ANC,[],False
Ghana's first photojournalist turns 95,[],False
Ghana braces for three weeks of power cuts,[],False
"A week after an alleged coup attempt in Bolivia, confusion and conspiracy theories reign",[],False
Bolivia summons Argentine ambassador for reprimand over its claims of a fake coup,[],False
Economic turmoil in Bolivia fuels distrust in government and its claim of a ‘failed coup’,['Politics'],False
"Bolivian president orchestrated a ‘self-coup,’ political rival Evo Morales claims",['Politics'],False
Bolivia’s leader says the general accused of leading failed coup wanted to ‘take over’ as president,['Politics'],False
Relatives of detainees in coup attempt in Bolivia said troopers were deceived to follow orders,[],False
Bolivia’s leader says the general accused of leading failed coup wanted to ‘take over’ as president,['Politics'],False
Bolivia president angrily rejects allegations he was behind attempted coup,['Politics'],False
Families say those detained in Bolivia failed coup were tricked. President says it’s not his problem,['Politics'],False
US scenarios to advance past the first round at Copa America,[],False
"Who is General Zúñiga, the shadowy officer behind the thwarted coup in Bolivia?",[],True
Bolivia’s president lambasts accusations of a self-coup as ‘lies’ as his supporters rally,['Politics'],False
What triggered the coup attempt in Bolivia?,[],True
President Luis Arce’s career has mirrored Bolivia’s economic trajectory from boom to bust,['Politics'],False
Bolivian general arrested after apparent failed coup attempt as government faces new crisis,['Politics'],False
"Pulisic scores, assists on Balogun goal to lead U.S. over Bolivia 2-0 in Copa America opener",[],False
Bitter political fight in Bolivia is paralyzing the government as unrest boils over economic crisis,['Politics'],False
A brew of ancient coca is Bolivia’s buzzy new beer. But it’s unclear if the world will buy in,[],False
Luis Suarez will play in his fifth Copa America,[],False
Why you might have heard Paul Simon’s ‘The Sound of Silence’ at Spanish Mass,[],False
"Mexican president wanted to lead Latin America, but reality and his own rhetoric got in the way",['Politics'],False
AP Week in Pictures: Global,[],False
Former career US diplomat charged with secretly spying for Cuban intelligence for decades,[],False
"Former US ambassador arrested in Florida, accused of serving as an agent of Cuba, AP source says",[],False
Man United winger Antony to resume playing after allegations of domestic abuse,[],False
"Inspired by llamas, the desert and Mother Earth, these craftswomen weave sacred textiles",[],False
Messi misses Argentina’s 3-0 win in Bolivia; Brazil beats Peru in World Cup qualifiers,[],False
Neymar breaks Pele’s Brazil goal-scoring record in 5-1 win in South American World Cup qualifying,[],False
"Neymar says not 100% fit for Brazil, compares Saudi league to French",[],False
Bolivia’s opposition leader undergoes medical tests as his pre-trial detention drags on for months,[],False
A drought alert for receding Lake Titicaca has Indigenous communities worried for their future,[],False
Bolivia is the latest South American nation to use China’s yuan for trade in challenge to the dollar,[],False
Bolivia says it is interested in obtaining Iranian drone technology to protect its borders,['Technology'],False
Argentina demands that Bolivia explain its new defense agreement with Iran,[],False
"Bolivia boosts lithium resources estimate, cementing spot as global leader",[],False
Pope Francis expresses concern and dismay over alleged abuse by priests in Bolivia,[],False
Bolivian Catholics unfazed by sex scandals as they gear up for massive festival,[],False
"Bolivia government says trustee probing bank died by suicide, but some demand new investigation","['Politics', 'Violence']",False
"Stolen at birth, an adoptee sues Chile over thousands of similar dictatorship-era crimes",[],False
Train collision in Chile kills at least 2 people and injures 9 others,['Violence'],False
"In message to Russia, Chilean lawmakers meet in Antarctica to underline territorial claims",[],False
"An unusual autumn freeze grips parts of South America, giving Chile its coldest May in 74 years",[],False
Kolo Muani scores and assists as France fails to impress in 3-2 win over Chile,[],False
"Stolen at birth, adoptee sues Chile over thousands of similar dictatorship-era crimes",[],False
Latin America celebrates Pride and a history of fighting for rights,[],False
"Two trains collide head-on in Chile, police investigate causes of unusual incident",[],False
Canada advances to Copa America quarterfinals in first appearance after scoreless draw with Chile,[],False
"For Haitian diaspora, gang violence back home is personal as hopes dim for eventual return",[],False
"Native groups sit on a treasure trove of lithium. Now mines threaten their water, culture and wealth",[],False
Canada to play Netherlands in June 6 exhibition at Rotterdam,[],False
"Death of Chilean poet Pablo Neruda days after 1973 coup should be reinvestigated, court rules",['Violence'],False
"Illegally adopted during Chile’s dictatorship, they’re now reuniting with biological families",[],False
Ex-Catholic priest gets nearly 22 years in prison for attempted sexual abuse of a South Carolina boy,[],False
"Chilean ex-President Piñera drowned after a crash in a helicopter he was piloting, prosecutors say",['Politics'],False
Former Chilean President Sebastián Piñera dies in a helicopter crash. He was 74,['Politics'],False
Colombia declares a disaster because of wildfires and asks for international help,[],False
"Chilean voters reject conservative constitution, after defeating leftist charter last year",[],False
Chile arrests 55 people in a $275 million tax fraud case that officials call the country’s biggest,['Economics/Money Related'],False
"On Antarctica’s ice and in its seas, penguins in a warming world",[],False
Henry Kissinger’s unwavering support for brutal regimes still haunts Latin America,[],False
Henry Kissinger’s complicated legacy draws admiration and scorn from across the globe,[],False
"‘We absolutely need to act immediately,’ says UN chief during visit to Antarctica ahead of COP28",[],False
Chile president calls for referendum on new constitution proposal drafted by conservative councilors,['Politics'],False
Israel criticizes South American countries after they cut diplomatic ties and recall ambassadors,[],False
Bolivia severs diplomatic ties with Israel as Chile and Colombia recall their ambassadors,[],False
Powerful 6.6-earthquake strikes off the coast of Chile and is felt in neighboring Argentina,[],False
Young talents push U.S. women’s national soccer team to Pan American Games semifinal,['Sports'],False
"Skeet shooter Vincent Hancock and gymnast Jordan Chiles, U.S. flagbearers in Pan Am Games, win gold",[],False
"TV equipment stolen from Pan Am Games’ opening ceremony site in Chile, boosting security concerns",[],False
Pan American Games set to open in Chile with many athletes eyeing spots at the Paris Olympics,[],False
"Inspired by llamas, the desert and Mother Earth, these craftswomen weave sacred textiles",[],False
South America’s 2030 World Cup soccer bid seeks to rise above political tensions in the region,['Sports'],False
"In Chile, justice eludes victims of Catholic clergy sex abuse years after the crisis exploded",[],False
Ex-Wallaby Leali’ifano Samoa’s flyhalf against Chile in Rugby World Cup opener,[],False
Spain strips deceased former Chilean President Pinochet of a Spanish military honor,['Politics'],False
Chile president defends democracy 50 years after coup ushered in brutal military dictatorship,['Politics'],False
Curacao defeats Taiwan 2-0 in Little League World Series semifinal,[],False
Can Taiwan get back to the top at Little League World Series? Curacao is next obstacle,[],True
US-owned firms appear to help Venezuela avoid US sanctions,[],False
"Hawaii wins Little League title, beating Curacao 13-3",[],False
Hawaii beats Tennessee 5-1 to take spot at LLWS championship,[],False
Curacao and St. Maarten to welcome new currency more than a decade after becoming autonomous,[],False
"Hawaii, Curacao take different routes to LLWS championship",[],False
Curacao shuts out Taiwan 1-0 to move to LLWS championship,[],False
"Taiwan, Curacao look to win international bracket at LLWS",[],False
"Small but mighty, Curacao poised for Little League run",[],False
Cubs DFA 4-time Gold-Glove winner Andrelton Simmons,[],False
Disturbance in Caribbean likely to become tropical storm,[],False
Schools close as tropical disturbance nears Caribbean,[],False
Honduras downs Canada 2-1 in CONCACAF Nations League play,[],False
"Players return, Canada downs Curacao 4-0 in Nations League",[],False
Canada men back at practice after meeting with federation,[],False
Cubs finalize deal with slick-fielding shortstop Simmons ,[],False
"AP source: Cubs, Simmons agree to $4 million, 1-year deal",['Economics/Money Related'],False
Former Dutch queen Beatrix tests positive for coronavirus,[],False
Amnesty: Curacao violating rights of Venezuelan migrants,[],False
"Curaco beats Japan 5-4, moves to Little League title game",[],False
28 to remain on Scientology ship in Curacao in measles scare,[],False
Curacao officials board Scientology ship in measles case,[],False
Curacao to quarantine cruise ship for measles case,[],False
"Venezuela shuts sea, air links to Dutch islands amid turmoil",[],False
Mexico beats Curacao 2-0 to win CONCACAF Group C,[],False
Mexico beats Curacao 2-0 to win CONCACAF Group C,[],False
Curacao searches for attackers in airport shooting,[],False
Curacao politician fatally shot by gunmen at beach,[],False
Mexico eliminated from Copa America as Ecuador earns spot in quarterfinals after 0-0 draw,[],False
Venezuela advances to Copa America quarterfinals with a 1-0 win over Mexico on Rondón goal,[],False
Ecuador beats Jamaica 3-1 for first Copa America win since 2016 as Reggae Boyz eliminated,[],False
A timeline of the legal case involving WikiLeaks founder Julian Assange,[],False
Trial begins in Ecuador over murder of presidential candidate Villavicencio,['Politics'],False
Rainbow flags fly as LGBTQ+ community of Ecuador marches for equal rights,[],False
"Rescuers find more victims after landslide in Ecuador, raising death toll to eight",['Violence'],False
Migrants are rattled and unsure as deportations begin under new rule halting asylum,[],False
A court rules that pollution has violated the rights of a river that runs through Ecuador’s capital,[],False
"Judge in Ecuador orders judges, attorneys and officials held in jail as part of corruption probe",[],False
Timeline of the Julian Assange legal saga over extradition to the US on espionage charges,[],False
WikiLeaks founder Julian Assange will plead guilty in deal with US and be freed from prison,[],False
"Cádiz, Bello each score a goal, Venezuela beats short-handed Ecuador 2-1 at Copa America",[],False
Power outage leaves millions of Ecuadorians in the dark after transmission line fails,[],False
Ecuador stops waiving visas for Chinese nationals because of an increase in irregular migration,[],False
"Rescuers find more victims after a landslide in Ecuador, rising the death toll to 8",['Violence'],False
"Heavy rains set off landslides in Ecuador, killing at least 6 and leaving dozens missing",['Violence'],False
Ecuadorian lawmakers block indictment of vice president whom authorities accuse of collusion,['Politics'],False
"Spiraling criminal violence causes morgue to overflow, foul odors to spread in Ecuadorian city",[],False
"Besides Messi, there is Vinicius Júnior, Valverde, Garnacho and Pulisic to watch at Copa America",[],False
5 dogs with military intelligence unit in violence-plagued Ecuador given medals for service,[],False
"Almost 2 months after embassy raid, Ecuador is ‘ready’ to talk with Mexico and reach solution",[],False
Top UN court declines to issue preliminary orders in Mexico-Ecuador dispute over Quito embassy raid,[],False
Protesters rally in Peru against decree classifying seven gender identities as “mental illness”,[],False
Argentina and Messi will play 2 warm-up matches in the U.S. ahead of Copa America,[],False
"8 people were killed in a shooting attack at a bar in Ecuador, local police say",['Violence'],False
Ecuador defends raid on the Mexican Embassy and tells top UN court it acted to take in a criminal,[],False
Mexico is taking Ecuador to the top UN court over its storming of the Mexican Embassy,[],False
Ecuador files complaint against Mexico at top UN court in spat over embassy raid,[],False
Ecuadorians vote overwhelmingly in referendum to approve toughening fight against gangs,[],False
Ecuador rations electricity as drought persists in the northern Andes,[],False
Venezuela closes its embassy in Ecuador to protest the police raid on the Mexican Embassy there,[],False
AP Week in Pictures: Latin America and Caribbean,[],False
Mexico wants UN to suspend Ecuador over its police raid on the Mexican embassy in Quito,[],False
Mexico releases video of Ecuador’s raid on its embassy,[],False
Ecuadorians wanted an action man. President Noboa has fulfilled that role — embassy raid included,['Politics'],False
Mexico and Ecuador’s governments had been feuding before police broke into the Mexican Embassy,['Politics'],False
International leaders condemn Ecuador after police break into the Mexican Embassy in Quito,[],False
Paraguay fires coach Garnero after winless Copa America,[],False
"With Argentina’s president skipping Mercosur, the future of the trade alliance looks doubtful",['Politics'],False
Costa Rica eliminated from the Copa America despite beating Paraguay 2-1 in group stage finale,[],False
AP Week in Pictures: Latin America and Caribbean,[],False
AP Week in Pictures: Latin America and Caribbean,[],False
Paraguay President affirms Taiwan support,['Politics'],False
Easy election win for Paraguay’s long-ruling party,['Politics'],False
Two-horse race hours out from Paraguay election,['Politics'],False
Paraguay rounds up ex-military leaders in arms smuggling sting carried out with Brazil,[],False
Paraguay official resigns after signing agreement with fictional country,[],False
Chinese military launches drills around Taiwan as a ‘warning’ after a top island official went to US,[],False
New Paraguay president stresses South American country’s ties with Taiwan at swearing-in ceremony,['Politics'],False
Taiwan’s vice president leaves on Paraguay trip amid Chinese efforts to isolate the island,['Politics'],False
China criticizes the upcoming US visit of Taiwan’s presidential front-runner,['Politics'],False
Paraguay’s president-elect recommits to ties as Taiwan’s last ally in South America,['Politics'],False
Paraguay’s president-elect begins Taiwan visit that’s meant to foster closer ties,['Politics'],False
"German arrested trying to enter US Embassy in Paraguay, guns found in vehicle",[],False
Paraguay far-right populist presidential candidate arrested,['Politics'],False
Paraguay: Populist candidate fires up protesters after vote,[],False
Paraguay: Ex-president’s influence in question after victory,['Politics'],False
Paraguay’s long-ruling Colorado Party has easy election win,['Politics'],False
Paraguay’s long-ruling party romps to presidential victory,['Politics'],False
Coalition challenges Paraguay’s long-ruling Colorado Party,[],False
Paraguay launches corruption probe of former president,['Politics'],False
Paraguay leader praises Taiwan as ‘lighthouse of democracy’,[],False
"U.S. sanctions Paraguay VP, former president for corruption",['Politics'],False
Tensions over trade deals exposed at Mercosur summit,[],False
South American nations gather for joint 2030 World Cup bid,[],False
Soccer-inspired art show heads to World Cup in Qatar,['Sports'],False
Paraguay seeks clues in slaying of journalist in border city,[],False
"Paraguay vice president backtracks, says he won’t resign",['Politics'],False
Paraguay vice president to quit after US alleges corruption,['Politics'],False
Paraguay: Former president Lugo in induced coma after stroke,['Politics'],False
4 South American nations launch joint bid for 2030 World Cup,[],False
"Paraguay senator drowning appears accidental, officials say",[],False
US places former Paraguayan president on corruption list,['Politics'],False
"Cubas scores in 89th, Whitecaps beat Los Angeles FC 1-0",[],False
Clash with police leaves 1 Indigenous person dead in Brazil,[],False
Beef consumption in Argentina falls to lowest in a century,[],False
Lacalle Pou criticises Milei’s decision to skip Mercosur summit,[],False
Milei’s shock therapy sends demand for beef to 110-year low,[],False
"Milei's key reforms, 'Ley de Bases' and fiscal package, become law",[],False
Mondino tells Mercosur peers that bloc needs ‘adrenaline shock’,[],False
Milei walks fine line as he slams 'judicial persecution' of Bolsonaro,[],False
Milei backs Bolsonaro without attacking Lula in Brazil visit,[],False
Copa América crunch-time for surviving quartet,[],False
Milei takes his far-right roadshow to Lula’s backyard in Brazil,[],False
Milei under pressure for the first time,[],False
Milei lines up midnight ‘Pacto de Mayo’ signing,[],False
Milei now needs to fly domestic,[],False
Are youth votes wasted on the young?,[],True
US Embassy marks Independence Day with Palacio Bosch party,[],False
Chef Máximo Togni’s new restaurant is straight from the heart,[],False
Stories that caught our eye: June 28 to July 5,[],False
La Libertad Avanza wants lower voting age in time for 2025 midterms,[],False
Sturzenegger appointed ‘deregulation and state transformation’ minister,[],False
Tussle for Peronist protagonism clashes with calls for unity,[],False
Milei taps former Central Bank chief to deregulate Argentina,[],False
Milei chooses bath of conservative affection and rebuffs Mercosur,[],False
"'Dibu' Martínez, the shoot-out 'animal,' roars again for Argentina",[],False
Corrientes: the province of lost children,[],False
'Dibu' Martínez recreates penalty heroics for Argentina against Ecuador,[],False
Armed man arrested at Milei rally in San Juan,[],False
Quilmes university makes 'super soup' to highlight need for food aid,[],False
Arce: Milei’s remarks on coup attempt does not help relations,[],False
CFK attempted murder trial: Carrizo says he 'would never kill',['Violence'],False
Bolivia’s Luis Arce denies ‘staged’ coup claims in interview,[],False
Social indicators cast doubt over Milei's 'catastrophe' averted claim,[],False
Contepomi names new-look Argentina for first France Test,[],False
Brazil 'regrets' Milei's absence at upcoming Mercosur summit,[],False
New lithium plant inaugurated in Salta Province,[],False
Argentina set sights on semis as Copa América knockout stage begins,[],False
"After triumph in Congress, Milei faces challenge of governing",[],False
Exclusive hotel at Iguazú Falls selected as the best in Argentina,[],False
Four World Cup winners in Argentina's football team for Olympics,['Sports'],False
Milei government prepares legislative agenda for 'second stage',['Politics'],False
La Rioja Province puts its own ‘quasi-currency’ in circulation,[],False
Argentina poised for first China corn cargoes in 15 years,[],False
"Milei defends Bolivia, Brazil views in ‘dinosaur’ rant",[],False
President Milei proves boon and curse for Argentine bank stocks,['Politics'],False
Télam state news agency now 'advertising and state propaganda agency',[],False
Bolivia recalls ambassador to Argentina after Milei denies failed coup,[],False
Argentina officials move to shore up bank support for debt plan,[],False
Justice Ministry says 85% of workers at ex-Women's Ministry 'dismissed',[],False
Milei picks pro-Bolsonaro rally over Lula for first Brazil trip,[],False
"Argentina reverses Bolivia stance, saying coup attempt was faked",[],False
Milei shuns Mercosur summit and awkward meet with Lula,[],False
Milei says he would slow crawling peg if inflation cools further,[],False
Abuelas de Plaza de Mayo warns of move to shutter investigative unit,[],False
Government begins push to lower age of criminal responsibility,['Politics'],False
"No Messi, no problem as Argentina down Peru",[],False
Argentina is about to unleash a wave of lithium in a global glut,[],False
Milei shifts policy in second phase of Argentina plan,[],False
Aunt of missing five-year-old child Loan testifies he was ‘run over’,[],False
Economy extended downturn in April amid Milei’s cuts,['Economics/Money Related'],False
From attempted murder to an attempted coup,[],False
Liberland: the micronation building bridges with Javier Milei,[],False
Work in regress?,[],True
Milei slashes budget for legal centres in favour of prison spending,[],False
When Loan is a national debt,[],False
"Milei, Messi, and how to be the best in the world",[],False
"Monetary shift, Sturzenegger in – Milei talks up new stage",[],False
"Dog owners consider spending US$50,000 on cloning, inspired by Milei",['Economics/Money Related'],False
President Milei hails ‘historic’ approval of his economic reform package,['Politics'],False
Milei refuses to apologise to Lula and his ‘inflamed ego’,[],False
Milei says legislative win paves way for monetary policy pivot,[],False
Milei celebrates as Congress signs off on ‘Ley de Bases’ reform package,[],False
Milei wins approval for bold economic reforms in Argentina,[],False
"Mercosur: Lula criticizes “old-fashioned, isolationist nationalism”",[],False
Rio's favelas host social debate forum focused on G20,[],False
"President Lula attends Mercosur Summit in Asunción, Paraguay",['Politics'],False
Lula: Progressive alliance in France serves as inspiration,[],False
Rio museum showcases career of woodcutting artist J.Borges,[],False
Brazil to have definitive repository for nuclear waste by 2029,[],False
Severe drought warning issued for Amazon also this year,[],False
Imports of electric vehicles reduce Brazil’s balance of trade,[],False
Brazil to have advanced pathogen research laboratory,[],False
Bolivia’s entry as full member should set the tone at Mercosur summit,[],False
Brazil pays BRL 847 mi to international bodies in first half of year,[],False
Harvest Plan for large rural producers totals BRL 400 bi in 2024,[],False
Family Farming to receive BRL 76 bi for food production,[],False
Brazil’s industrial production drops 0.9% in May,[],False
"Entire nation goes dark, sparks total chaos",[],False
Nation burns as President stokes chaos,['Politics'],False
Major twist after tribe ‘addicted to porn’,[],False
"Remote tribe gets internet, hooked on porn",[],False
‘Mentally ill’: Nation’s controversial trans call,[],False
"100 dead, many missing in flood disaster",[],False
Mum of slain brothers’ devastating statement,[],False
"Lawyer, 60, hoping to be oldest Miss Universe",[],False
Woman wheels corpse into bank for loan,[],False
‘State of terror’: Nation rocked by massacres,[],False
‘I’m done’: mum’s texts to ex before murder,[],False
Chilling beach photos as nation reels,[],False
Influencer found dead outside parents’ home,[],False
President’s glamorous life as nation implodes,['Politics'],False
"Soldiers deployed, nation on the brink",[],False
Horror as gunmen storm live TV broadcast,[],False
Star sex worker dies aged 24,[],False
Renowned Aussie political activist Pilger dies,[],False
Mum accidentally films deadly attack,[],False
"US comedian kidnapped, killed in Colombia",['Violence'],False
Inside Peru bus survivors’ return ‘ordeal’,[],False
Children abused in jungle ‘rape tents’,[],False
Couple stranded after horror crash in jungle,[],False
Wild new president ‘baffling the world’,['Politics'],False
Nation goes berserk after election result,['Politics'],False
Swift cancels show last-minute after tragedy,[],False
Shipwreck has $30b worth of treasure,['Economics/Money Related'],False
Creepy truth behind image of teen,[],False
500yo treasure unearthed in earthquake,[],False
Astonishing find as 8 mummies uncovered,[],False
Peru’s Congress approves statute of limitations for crimes against humanity committed before 2002,[],False
Migrants pause in the Amazon because getting to the US is harder. Most have no idea what lies ahead,[],False
7.2 magnitude earthquake shakes southern Peru,[],False
"Canada beats Peru 1-0 at Copa America on David goal, first win over South American team in 24 years",[],False
Claudio Bravo makes 4 saves as Chile plays Peru to a scoreless draw in Copa America,[],False
Migrants pause in the Amazon because getting to the US is harder. Most have no idea what lies ahead,[],False
Peruvian politician Keiko Fujimori stands in probe accused of money laundering,[],False
Latin America celebrates Pride and a history of fighting for rights,[],False
"It’s the longest bridge ever built in Peru, and so far, it goes nowhere",[],False
Former Peruvian soldiers get prison in rapes of teenagers during country’s armed conflict,[],False
Poor neighborhood in Peru’s Amazon region hosts film festival celebrating tropical forests,[],False
Hundreds in Peru mark Clown Day in hopes of getting the holiday official recognition,[],False
AP Week in Pictures: Latin America and Caribbean,[],False
Baseball becomes a shelter for Venezuelan children in soccer-mad Peru,['Sports'],False
Protesters rally in Peru against decree classifying seven gender identities as “mental illness”,[],False
Peruvian lawmakers begin yet another effort to remove President Dina Boluarte from office,['Politics'],False
Police arrest brother and lawyer of Peru’s president over alleged influence peddling,['Politics'],False
Mexico tightens travel rules on Peruvians in a show of visa diplomacy to slow migration to US,[],False
"Tim Howard, last in line of top American goalkeepers, enters U.S. National Soccer Hall of Fame",['Sports'],False
Renowned Peruvian investigative reporter battles criminalized smear campaign — and cancer,[],False
Judge orders preventative detention for Iranian and 2 Peruvians in thwarted plot to kill Israelis,['Violence'],False
"Mexican president wanted to lead Latin America, but reality and his own rhetoric got in the way",['Politics'],False
Peru’s president interrogated by prosecutors for hours amid expanding ‘Rolexgate’ probe,['Politics'],False
Prosecutors widen illicit enrichment probe against Peru’s president to include jewelry worth $500K,"['Politics', 'Economics/Money Related']",False
Pressure mounts against Peru’s president as lawmakers submit request to remove her from office,['Politics'],False
Government agents raid Peruvian President Boluarte’s residence in luxury watch investigation,['Politics'],False
Peru arrests an Iranian man accused of planning an attack on an Israeli citizen,[],False
Canada to play Netherlands in June 6 exhibition at Rotterdam,[],False
"Dengue cases in Peru are surging, fueled by mosquitoes and high temperatures brought by El Niño",[],False
Peru has declared a health emergency in most of its provinces as dengue cases soar,[],False
Former Peruvian intelligence chief gets 19 years in prison for 1992 massacre of farmers,[],False
Peru gives in to protesters in Machu Picchu and rescinds ticket sales contract with private firm,[],False
Ex-Peruvian intelligence chief pleads guilty to charges in 1992 massacre of six farmers,[],False
"Meet Efruz, the Jack Russell terrier that loves to surf the waves of Peru",[],False
They’re not aliens. That’s the verdict from Peru officials who seized 2 doll-like figures,[],False
AP Week in Pictures: Latin America and Caribbean,[],False
Former Peruvian President Alberto Fujimori is freed from prison on humanitarian grounds,['Politics'],False
Peruvian constitutional court orders release of former President Alberto Fujimori,['Politics'],False
‘Freedom!’ chants at Venezuelan opposition rallies ahead of election show depth of needs and fear,['Politics'],False
"Canada beats Venezuela in extra round of penalty kicks, reaches semifinals in 1st Copa America",[],False
What to know about Venezuela’s election as Maduro faces the toughest race of his decade in power,['Politics'],False
"After a stop in Cuba, 2 Russian ships dock in Venezuelan port as part of ‘show the flag’ exercises",[],False
Venezuela’s opposition coalition welcomes President Maduro’s plan to jumpstart dialogue with the US,['Politics'],False
Venezuela’s parties officially launch campaigns for presidential election,['Politics'],False
Venezuela’s victories at Copa America bring joy and relief to Venezuelans,[],False
At least three dead as storms batter Venezuela,[],False
"Ahead of election, Venezuela’s Maduro says he has agreed to resume negotiations with United States",['Politics'],False
"Colombia captures one of the founders of the Tren de Aragua gang, wanted in Venezuela and Chile",[],False
Eduard Bello leads 2nd-half charge in Venezuela’s 3-0 victory over Jamaica in Copa America,[],False
Venezuelans rehearse voting weeks before the pivotal presidential election,['Politics'],False
"In an Argentine court, Venezuelans testify to alleged crimes against humanity under President Maduro",['Politics'],False
Funeral held in Houston for 12-year-old girl whose body was found in a creek,[],False
Venezuela advances to Copa America quarterfinals with a 1-0 win over Mexico on Rondón goal,[],False
"Without main opposition contender, Venezuela candidates vow to respect presidential election results",['Politics'],False
Venezuela’s ruling party tests its organizing efforts ahead of next month’s presidential election,['Politics'],False
Oil executives imprisoned five years in Venezuela sue former employer Citgo for $400 million,['Economics/Money Related'],False
"As Maduro shifts from migration denier to defender, Venezuelans consider leaving if he is reelected",[],False
Venezuela revokes invitation for European Union mission to observe presidential election in July,['Politics'],False
Baseball becomes a shelter for Venezuelan children in soccer-mad Peru,['Sports'],False
Venezuelan opposition presidential candidate Gonzalez seeks unity in first rally,['Politics'],False
Venezuela’s barred opposition candidate is now the fiery surrogate of her lesser-known replacement,[],False
Son-in-law of top opponent of Venezuela’s president pleads guilty to US money laundering charges,['Politics'],False
Ex-Venezuelan diplomat ‘never’ considered being president but will launch campaign this month,['Politics'],False
"Venezuela broke its HPV vaccine promises, and there’s barely any sex ed. Experts say it’s a problem",[],False
"Francisco ‘Morochito’ Rodríguez, boxer who won Venezuela’s first Olympic gold medal, dies at 78",[],False
Billionaire Texas oilman inks deal with Venezuela’s state-run oil giant as US sanctions loom,[],False
Venezuela’s president meets with accuser in ongoing criminal probe into human rights abuse,['Politics'],False
Venezuela’s opposition backs unknown former diplomat in latest gambit to unseat Maduro,[],False
Venezuela’s main opposition bloc agrees on candidate to challenge Maduro in presidential election,['Politics'],False
US reimposes oil sanctions on Venezuela as hopes for a fair presidential election fades,['Politics'],False
Venezuela closes its embassy in Ecuador to protest the police raid on the Mexican Embassy there,[],False
Venezuelans living abroad want to vote for president this year but can’t meet absentee requirements,['Politics'],False
Chile will ask Venezuela to extradite citizens suspected of killing an anti-Maduro dissident,['Violence'],False
"Former Venezuelan oil minister is arrested in connection with corruption probe, authorities say",[],False
Retired Venezuelan general who defied Maduro gets over 21 years in US prison,[],False
Guyana condemns Venezuela for signing into law a referendum approving annexation of disputed region,[],False
"Deforestation in Colombia fell to historic lows in 2023, environment minister says",[],False
Colombia cruises past Panama 5-0 in Copa America to advance to the semifinals,[],False
"José Raúl Mulino sworn in as Panama’s new president, promises to stop migration through Darien Gap",['Politics'],False
Colombia dominates Costa Rica 3-0 to reach Copa America quarterfinals,[],False
Panama’s next president wants a deal with US on deporting migrants who cross the perilous Darien Gap,['Politics'],False
"Turkey halts Israeli imports and exports, as Colombia cuts diplomatic ties with Israel - AP explains",[],False
"Body camera video shows police cutting chains, moving furniture at Columbia University",[],False
Colombia’s president says country will break diplomatic relations with Israel over war in Gaza,['Politics'],False
"Colombia captures one of the founders of the Tren de Aragua gang, wanted in Venezuela and Chile",[],False
The collapse of a cable car in Colombia kills 1 person and injures 20,['Violence'],False
Colombia launches talks with rebel group led by fighters who returned to arms after 2016 peace deal,[],False
Single-A Carolina League Glance,[],False
"After nearly 25 years away, Falcao returns home to Colombia to play for Millonarios de Bogotá",[],False
Colombia plans to provide medical treatment to Palestinian children injured in Israel-Hamas war,[],False
"Florida jury finds Chiquita Brands liable for Colombia deaths, must pay $38.3M to family members","['Economics/Money Related', 'Violence']",False
Colombia marks 1st anniversary of rescue of 4 children in the Amazon after their plane crashed,[],False
"Colombia routs sloppy US 5-1 in Copa America warmup, extends unbeaten streak to 22 games",[],False
Colombia will suspend coal exports to Israel over war in Gaza,[],False
"Josh Sargent out for Colombia friendly, could miss Copa America",[],False
Columbia University and a Jewish student agree on a settlement that imposes more safety measures,[],False
"Colombia’s congress votes to ban bullfights, dealing a blow to the centuries-old tradition",[],False
Insurance company Sura withdraws from Colombia’s health system as government pushes for control,['Politics'],False
Colombia’s ex-President Uribe charged with witness tampering in polarizing legal battle,['Politics'],False
Tennessee professor swept away by wave during Brazil study-abroad trip has died,['Violence'],False
Violence intensifies in southwest Colombia as FARC holdout group attacks police and military,[],False
Colombia breaks diplomatic ties with Israel but its military relies on key Israeli-built equipment,[],False
The Latest | Hamas will send a delegation to Cairo to keep up cease-fire talks,[],False
Colombia’s president says country will break diplomatic relations with Israel over war in Gaza,['Politics'],False
Colombia’s president says thousands of grenades and bullets have gone missing from army bases,['Politics'],False
"A Colombian army helicopter has crashed in a rural area of the country’s north, killing 9 soldiers",['Violence'],False
How Columbia University’s complex history with the student protest movement echoes into today,[],False
Columbia protesters say they’re at an impasse with administrators and will continue anti-war camp,[],False
"Columbia’s president, no stranger to complex challenges, walks tightrope on student protests",['Politics'],False
Colombia rolls out new incentives to cut electricity consumption as dry weather persists,[],False
"With graduation near, colleges seek to balance safety and students’ right to protest Gaza war",[],False
Celebrity handbag designer sentenced to 18 months in prison for smuggling crocodile handbags,[],False
"Police arrest dozens of pro-Palestinian protesters at Columbia, including congresswoman’s daughter",[],False
Columbia’s president rebuts claims she has allowed the university to become a hotbed of antisemitism,['Politics'],False
Court Rejects Ex Pak PM Imran Khan's Petition For Weekly WhatsApp Call With Sons,[],False
"Fire Breaks Out At Pakistan Stock Exchange Building, Trading Temporarily Suspended",[],False
Israel Used Protocol That Put Civilians At Risk On October 7: Report,[],False
"14 Killed, 9 Missing After Deadly Floods, Landslides In Nepal",['Violence'],False
Russia Declares Emergency In Some Parts After Ukraine Drone Attack,[],False
"""Bulldozed And Shelled"": Israel's Assault Ravages Gaza's Farming Sector",[],False
"Palestine Karate Champion, Who Escaped Gaza, Forges Future In Egypt",[],False
"China Has Anchored ""Monster Ship"" In South China Sea, Warns Philippines",[],False
Masoud Pezeshkian Set To Become Iran President: What It Means For India,['Politics'],False
China Pledges Support For Tajikistan 'Territorial Integrity',[],False
Did A Robot Really Die By 'Suicide' In South Korea? Experts Probe,[],True
Chinese Tech Firm Showcase New AI Innovations Despite US Sanctions,['Technology'],False
Taiwan Urges China To Avoid Escalation Amid Renewed Military Activity,[],False
"Russian Armour-Piercing Tank Rounds To Be Made In India, Says Moscow Firm",[],False
"Putin, Xi Jinping Rally Against External Influence At Central Asian Summit",[],False
"Japan Railway Unveils Humanoid Robot For Safer, Smarter Rail Maintenance",[],False
"Impostors Raising Funds By Claiming LTTE Chief Is Alive, Says His Family",[],False
Pak Doctor Fired For Performing Two-Finger Test On 10-Year-Old Rape Victim,[],False
Ex Pak PM Imran Khan Seeks Permission From Court To Meet His Sons In Jail,[],False
"Japan Top Court Rules Eugenics Law Unconstitutional, Victims Seek Justice",[],False
"Taliban Told To ""Include Women"" In Public Life At Their First UN Meet",[],False
"Indian-Origin Woman, Charged In Singapore, Allowed To Visit Kerala",[],False
Singapore's Indian-Origin Opposition Leader Retains Key Post In His Party,[],False
Entry Fee Issued For Mount Fuji Hikers Amid New Crowd Control Measures,[],False
"Part Of Tianlong-3 Rocket Crashes In China During Test, Says Space Pioneer",[],False
"North Korean Officials Wear Pins With ""Friendly Father"" Kim Jong Un's Face",[],False
"Video: Israeli Driver Enters Palestine Territory, His Car Is Set On Fire",[],False
"Khamenei Protege, Sole Moderate Neck And Neck In Iran Presidential Race",['Politics'],False
"Russia Should Resume Intermediate, Short-Range Missile Production: Putin",[],False
"Europe Satellite Operator Cancels Ariane 6 Plans, To Go With SpaceX: Report",[],False
"Bangladeshi Runs Business In India with Expired Visa, Court Orders Probe",[],False
Polls Open In Iran For Presidential Elections Post Ebrahim Raisi's Death,"['Politics', 'Violence']",False
South Korea Releases Video Debunking North Korea's Missile Success Claim,[],False
Putin Gifts Kim Jong Un Limousine Made With Imported South Korean Parts,[],False
China's Xi Jinping Urges Global Unity Amid Economic And Security Disputes,[],False
Space Station Astronauts Forced To Shelter After Russian Satellite Breaks Up,[],False
"Bangladesh PM Sends Mangoes, Hilsa Fish, Sweets To Tripura Chief Minister As Gift",[],False
China's Communist Party Expels 2 Former Defence Ministers Over Corruption: Report,[],False
"No Court Relief To Ex Pak PM Imran Khan, Wife In ""Un-Islamic"" Marriage Case: Report",[],False
N Korea Tests Multiple-Warhead Missile Amid Growing Tensions With S Korea,[],False
Climate Change And Thinning Ice Exposes Bodies Of Mountaineers On Everest,[],False
Sri Lanka Seals Debt Deal As It Recovers From 2022 Financial Crash,[],False
Cash-Strapped Pakistan Likely To Privatize National Flag Carrier: Report,[],False
"""Let's Sit Down And Talk"": Shehbaz Sharif Extends Olive Branch To Imran Khan",[],False
Russia Bans Distribution Of 81 EU News Outlets In Retaliatory Step,[],False
"King Charles Welcomes Japan's Emperor Naruhito, Wife For State Visit",[],False
Pakistan To Re-Install Maharaja Ranjit Singh's Statue At Kartarpur Sahib,[],False
Israeli Air Strike Kills 10 Family Members Of Hamas Chief: Gaza Officials,['Violence'],False
"From Village To Glastonbury, Indonesia's All-Girl Metal Band Makes History",[],False
"Bangladesh's Deadliest Executioner, TikTok Star Dies After Prison Release",[],False
Ukrainian President Zelensky Replaces Commander Of Joint Forces,['Politics'],False
18 Chinese Nationals Among 22 Killed In Massive Fire At South Korea Battery Factory,['Violence'],False
"Parasites, Defaced Clothing Found In N Korea Trash Balloons, Claims S Korea",[],False
Russia-North Korea Defence Deal Could Create Friction With China: US Officer,[],False
Tripura Chief Minister Gifts 500 Kg Of Queen Pineapples To Bangladesh PM,[],False
Sri Lanka Arrests 22 Indian Fishermen For Fishing Near Neduntheevu,[],False
"China Could Take Control Of Taiwan Without Firing A Shot, Warns Report",[],False
"Amid Rising China Threat, Taiwan War Games To Mimic Combat As Closely As Possible",[],False
"""Bharat-Bangladesh  Maitri "": S Jaishankar On Sheikh Hasina's India Visit",[],False
"India, Bangladesh Agree On Mega Project To Conserve Teesta River",[],False
Iranians Split On Presidential Vote As Hardships Mount,['Politics'],False
No Afghan 'Reintegration' Without Progress On Rights: UN,[],False
Indonesia Uses Cloud Seeding As Rain Hampers New City's Construction,[],False
Israeli Forces Intensify Assault On Gaza Amid Fierce Hamas Combat,[],False
Armenia Recognises The State Of Palestine Amid Gaza Conflict,[],False
Rohingya Refugees Flee To Bangladesh Amid Escalating Violence In Myanmar,[],False
"US, China Resume Nuclear Talks After 5 Years Amid Taiwan Conflict",[],False
Gaza Food Blogger Turns Social Media Into Lifeline For Displaced Children,[],False
"Russian-American Woman Charged With ""Treason"" For Funding Ukraine Army",[],False
Explained: Health Risks Of Global Heatwave Amid Record High Temperatures,[],False
"For Putin, A Pair Of Dogs As Gift From Kim Jong Un During North Korea Tour",[],False
"After US, Now Canada Puts Iran's Revolutionary Guards On Terror List",[],False
"Putin In Vietnam: Amid Global Sanctions, Russia's Asia Outreach Plan",[],False
"Israeli Army Says ""Hamas Can't Be Eliminated"", Netanyahu Disagrees",[],False
Why Is China Upset By US Lawmakers Meeting Dalai Lama In India?,[],True
"""Dalai Lama Legacy Will Live, You'll Be Gone"": Nancy Pelosi's Xi Jinping Jab",[],False
Taiwan Actively Considering Visa-On-Arrival For Indians,[],False
North Korea And Russia Agree To Come To Each Other's Aid If Attacked,[],False
"Russia Jails US Soldier For Stealing $113 From Girlfriend, Threatening Her",['Economics/Money Related'],False
Red Carpet Welcome And A Hug From Kim Jong Un As Putin Visits N Korea,[],False
"Explained: What Is China's Panda Diplomacy, How It Works",[],False
"""Political Football"": Woman Suing UK Intel Services Denies China Spy Claims",['Sports'],False
"Taiwan's ""Modi Ji Won't Be Intimidated"" Reply As China Objects To India Ties",[],False
"4 Dead, Over A Dozen Missing As China Struggles With Extreme Floods, Heat",[],False
"""Love Wins Over Prejudice"": Thailand First Southeast Nation To Legalise Same-Sex Marriage",[],False
"Philippines Accuses Chinese Ships Of ""Ramming"", Damaging Boats",[],False
"Russia, North Korea To Sign ""Important Documents"" During Putin's Visit: Report",[],False
"5 Dead, 15 Missing Amid Heavy Rainfall In Southern China",[],False
"Putin To Make ""Friendly"" Visit To North Korea On June 18",[],False
South Korea And China To Begin Diplomatic Talks On Korean Peninsula Issues,[],False
Chinese #MeToo Activist Jailed 5 Years For Subversion Charge,[],False
"""Beginning Of War Was Right, But Not Anymore"": Parents Of Israeli Soldiers",[],False
"On Israel's ""Tactical Pause"" In Gaza, Hamas Chief Ismail Haniyeh Says This",[],False
"Russian Prison Siege By ISIS Inmates Ends, Hostages Safe",[],False
"Israel Announces ""Tactical Pause"" In South Gaza To Allow Aid Deliveries",[],False
"Shoes Melted Due To Heat, 52-Year-Old Woman Runs 1,000 Km In 12 Days",[],False
"Ahead Of Polls, Gaza A Test Of Loyalty For UK Muslims Towards Labour Party",[],False
Foreign-Born Giant Pandas Adapt To New Life In China,[],False
"Pakistani Man Forces Minor Daughter To Marry 72-Year-Old, Cops Rescue Bride",[],False
Pak Man Arrested For Selling Sacrificial Goats With Plastic Teeth: Report,[],False
"Rare ""Flesh-Eating Bacteria"" That Can Kill In 2 Days Spreading In Japan",['Violence'],False
"New China Rules Allow Detention Of Foreigners In South China Sea, G7 Reacts",[],False
"Explained: What Is Tsav 9, Hardline Israeli Group Sanctioned By US",[],False
"""He Could End This Today"": US, NATO Slam Putin's Ukraine Peace Demands",[],False
"Putin's Peace Demands ""Offensive To Common Sense"": Ukraine Official",[],False
"India To Send ""High-Level"" Delegation For Ukraine Summit: Zelensky",[],False
Indonesian Minister Warns Of Shutting Down X Over Adult Content,[],False
"Israel Vows To ""Respond With Force"" After Hezbollah Fires Rockets At Army",[],False
"Ukraine, Japan Sign 10-Year Security Agreement, Says Zelensky",[],False
Bangladeshi MP Was Smothered With Pillow After Entering Flat: Report,[],False
Nuclear-Powered Russian Submarine Arrives In Cuba,[],False
"40 Indians Killed, 50 Injured In Kuwait Building Fire, PM Takes Stock",['Violence'],False
"Kim Jong Un Praises ""Invincible"" Ties With Russia Amid Reports Of Putin Visit",[],False
"Japan Man, 89, Uses ChatGPT As ""Mentor"" To Create Apps For Elderly",[],False
"China Announces 1st Astronaut Candidates From Hong Kong, Macau",[],False
Bangkok Pet Market Catches Fire. Kills Hundreds Of Animals,['Violence'],False
Indonesian Comedian Jailed For 7 Months For Blasphemous Joke,[],False
"Thai Elephant Gives Birth To Twins, Then Attacks One Of Them",[],False
"Ex Sri Lankan Troops, Who Left Crisis-Hit Country For Russia, Duped Into Ukraine War",[],False
Singapore Airlines Offers Compensation To Turbulence-Affected Passengers,[],False
"Hamas Orders ""Shoot Hostages"" If Israel Army Advances: Report",[],False
South Korea Fires Warning Shots After North Korean Soldiers Briefly Cross Border,[],False
"""Your Party's Success Reflects..."": Nawaz Sharif Congratulates PM Modi For Third Term",[],False
"""Look Forward To Working Together Closely"": S Jaishankar To Maldives President",['Politics'],False
Pakistan's Shehbaz Sharif Congratulates PM Modi For 3rd Term,[],False
"North Korea vs South Korea: Trash-Filled Balloons, K-Pop On Loudspeakers",[],False
South Korea Resumes Loudspeaker Broadcasts After North's Trash Balloons,[],False
"Russia's Latest Generation Fighter Jet Su-57 Hit For First Time, Claims Ukraine",[],False
"Israeli Woman, Kidnapped By Hamas From Festival, Freed After 245 Days",[],False
"""The Case Is Baseless"": Thai Ex-PM Says Ready To Face Royal Insult Charges",[],False
Indonesian Woman Who Went Missing Found Inside A Python After 3 Days,[],False
Putin's Daughters Make Rare Appearance At Economic Forum In Russia,[],False
Chinese Coast Guard Rams Philippine Vessel Amid Medical Evacuation,[],False
"Ukraine Blocks Major Russian Assault: 5 Missiles, 48 Drones Downed",[],False
UN Chief Condems Myanmar Military's Deadly Attack On Rohingya Civilians,[],False
"""Greatest Generation Ever"": WWII Veterans Shine On D-Day",[],False
Joe Biden Vows Ukraine Will Not Use US Weapons To Strike Russia,[],False
"Pak Government Submits Details, Photos Of Ex-PM Imran Khan's Life In Jail",['Politics'],False
US Soldier Faces Trial In Russia Over Death Threats To Girlfriend: Report,['Violence'],False
"Thailand Warns ""Jurassic World"" Producers Over Filming Impact On Environment",[],False
Watch: China's Highest Waterfall Gets Little Help From A Pipe,[],False
"China Congratulates PM Modi For Poll Win, Says ""Ready To Work""",[],False
"Indonesia's Mount Ibu Volcano Erupts, Spews Ash Clouds",[],False
"Pakistan Ex PM Imran Khan Acquitted Of Leaking State Secrets, Says Court",[],False
Why Has Maldives Banned Israeli Passport Holders? What Happens Now,[],True
South Korea-North Korea Military Deal To Collapse Over Trash Balloons,[],False
China's Lunar Probe Set To Return With Historic Far Side Of Moon Samples,[],False
"Mediators Urge Israel, Hamas To Accept Truce Outlined By US President",['Politics'],False
Reality Of Pakistani Sex Workers vs Netflix's Glittering Tale 'Heeramandi',[],False
North Korea Vows To Stop Sending Trash Balloons Over Border Into South,[],False
"10 Killed, 5 Missing During Heavy Rains Across Sri Lanka",['Violence'],False
"5.9 Magnitude Earthquake Hits Japan, No Tsunami Warning",[],False
5.0 Magnitude Earthquake Strikes Bangladesh,[],False
Maldives To Ban Israelis To Protest Against War In Gaza,[],False
"""Warm Seats, Precision Spray"": Japan's High-Tech Toilets Go Global",['Technology'],False
"After 12 Years, Mahmoud Ahmadinejad Set To Contest Iran Presidential Polls Again",['Politics'],False
Japan Loses Contact With Humanity's Only Active Venus Probe 'Akatsuki',[],False
"Garry Kasparov Faces Criminal Charges In Russia Under ""Foreign Agent"" Law",[],False
"China Ready To ""Forcefully"" Stop Taiwan Independence, Says Defence Minister",[],False
"Russian Polar Scientist, Parliament Veteran Artur Chilingarov Dies At 84",[],False
China's Chang'e-6 Lunar Probe Successfully Lands On Far Side Of Moon,[],False
Pakistan Authorities To Probe Imran Khan Over Controversial X Post,[],False
Japanese Billionaire Yusaku Maezawa Cancels Moon Flyby Mission,[],False
Netanyahu Insists On Eliminating Hamas After Israel Offers Gaza Peace Plan,[],False
"Russia, Ukraine Announce 1st Prisoner Exchange In Nearly 4 Months",[],False
South Korean Tycoon To Pay Ex-wife Pay $1 Billion In Divorce Settlement,['Economics/Money Related'],False
North Korea's Kim Jong Un Oversees Rocket Launcher Test,[],False
14 Found Guilty In Biggest Case Against Hong Kong's Pro-Democracy Protests,[],False
"After Trash-Filled Balloons, North Korea Fires Ballistic Missiles At Seoul",[],False
Panda Diplomacy Is Back: Beijing Sending 2 Bears To Washington's Zoo,[],False
"29 Killed, Over 20 Injured As Bus Plunges Off Road Into Ravine In Pakistan",['Violence'],False
Explained: What Probe Into Turbulence-Hit Singapore Airlines Flight Reveals,[],False
Explained: North Korea's Unusual Criticism Of China's Nuclear Stance,[],False
Iraq's Sinjar Remains In Ruins Even A Decade After ISIS Horrors,[],False
South Korean Etrepreneur Who Is Trying To Enter The Porn Industry,[],False
South Korea's Big Warning Against Trash-Carrying Balloons From North Korea,[],False
"For Afghan Children, Unexploded Mines From 1970s Pose A Daily Threat",[],False
"Nikki Haley Writes ""Finish Them"" On Israeli Bombs Days After Rafah Strike",[],False
"Vladimir Putin Warns Of ""Serious Consequences"" If Western Arms Hit Russia",[],False
US Has No Plans To Change Israel Policy Despite Deadly Strike On Rafah,[],False
"Temperatures Breach 52 Degree Mark In Pakistan's Sindh, Highest This Summer",[],False
"Cyclone Remal Battered Bangladesh For 36 Hours, One Of The Longest Seen",[],False
"Thailand Targets Tourism Boost With Longer Stays For Visitors, Students",[],False
Thailand Activist Musician Sentenced To 4 Years For Insulting Monarchy,[],False
Millions Evacuated In Bangladesh As Cyclone Remal Moves Closer,[],False
"Christian Community In Pakistan Attacked, House Burnt Over Blasphemy Charges",[],False
"""Blatant Provocation To World Order"": Taiwan On China's Two Days Of War Games",[],False
"Pics: Gaza Zookeeper Flees Rafah, Creates Temporary Home For Animals",[],False
"China Sends 1,500 Tonnes Of Tibet Glacier Water To Maldives Again: Report",[],False
Vladimir Putin Ready For Ukraine Ceasefire On Current Frontlines: Report,[],False
China Uses Jets With Live Missiles In Military Drills In Taiwan: Report,[],False
Singapore Airlines Tightens Seatbelt Rules After Fatal Turbulence,[],False
"""Nightmare"": Hundreds Of Foreign Students Leave Kyrgyzstan After Mob Attack",[],False
"Russian Prison Population Dropped By Nearly 60,000 In 2023: Report",[],False
"Taiwanese People, Markets Stay Calm Despite China's ""Punishment"" Drills",[],False
"Pak Man Makes Obscene Videos Of Wife For Dark Web, Arrested: Report",[],False
"Ex Singapore PM's Brother To Pay $296,000 In Defamation Lawsuit",['Economics/Money Related'],False
"Man Kills 8, Injures 1 In Knife Attack In Central China",['Violence'],False
China Conducts Military Drills Around Taiwan To Test Seizure Capability,[],False
"Fliers On Turbulent Singapore Airlines Plane Suffered Brain, Spine Injuries",[],False
"Australian Man Arrested Over Children's Death In ""Horrifying"" Home Fire",['Violence'],False
Senior Papua New Guinea Minister Arrested For Assaulting Woman In Australia,[],False
"Co-Flier Recalls Meeting Indian-Origin Woman Who Died Mid-Flight: ""Her Innocent Face...""",['Violence'],False
McDonald's Australia Adjusts Breakfast Hours Amid Bird Flu Outbreak,[],False
Amazon Seals $1.3 Billion Deal To Build Top-Secret Cloud For Australian Military,['Economics/Money Related'],False
Australian Missing Child's Remains Found After Suspected Crocodile Attack,[],False
Australia Doubles Foreign Student Visa Fee To Tackle Migration,[],False
Meta Warns News Block On Facebook For Australia Over Licensing Fees,[],False
"Free From Prison, Julian Assange Plans To ""Rediscover Life"", Enjoy Freedom",[],False
"Australian PM Hails Assange's Return, Opposition Says He Is ""No Martyr""",[],False
How Australia's Quiet Diplomacy Led WikiLeaks' Julian Assange To Freedom,[],False
Watch: Julian Assange's Tight Hug For Wife As He Returns Home A Free Man,[],False
"""Welcome Development"": Australian PM On Julian Assange's US Plea Deal",[],False
Australia Opens Armed Forces For Non-Citizens Amid Recruitment Shortage,[],False
Order Blocking Elon Musk's X For Australian Church Stabbing Video Lifted,[],False
Glimpses Of Northern Lights After Strongest Solar Storm In 2 Decades,[],False
Explained: How Australia's New Student Visa Rule Change Affects Indians,[],False
2 Brothers From Haryana Arrested For Killing Indian Student In Australia,['Violence'],False
"Bodies Of Murdered Australian, US Surfers Identified In Mexico",[],False
"Bodies In Mexico, Likely Those Of Missing US, Australia Surfers, Found With Bullet Wounds",[],False
"""Radicalised"" Teenager With Knife Shot Dead By Cops In Australia",[],False
"After US, Pro-Palestinian Student Protests Spread To More Countries",[],False
"Australian PM Says Violence Against Women A ""National Crisis""",[],False
"""He Helped Save Lives"": Australia Mourns Pak Guard Killed In Sydney Attack",['Violence'],False
"""Can't Get Out Of Bed"": Ex Australia PM Says He Was ""On Meds"" For Anxiety",[],False
Elon Musk's X Says Australia Bishop Stabbing Posts Don't Promote Violence,[],False
"Over 100 Pilot Whales Stranded On Australian Beach, Likely To Be Euthanised",[],False
"""Need To Show More Respect To Women"": Australian PMs Message For Men, Boys",[],False
"Sydney Stabber Was Psychotic, Schizophrenic, Off Medication: Doctors",[],False
Elon Musk's X Fights Australian Watchdog Over Church Stabbing Posts,[],False
Australia To Give Citizenship To Pakistani Guard Injured In Mall Attack,[],False
"Cops Injured, Vehicles Damaged In Unrest After Church Stabbing In Australia",[],False
"Second Stabbing In Sydney In 3 Days, Attacker Targets Church",[],False
"Sydney Mall Killer Targeted Women, Avoided Men, Cops Say Probe On",['Violence'],False
Dying Mother Handed Over Baby In Sydney Mall Stabbing Rampage,[],False
"6 Killed In Sydney Mall Stabbings, Attacker Shot Dead, Say Police",['Violence'],False
Australian Airline Redirects London Flight To Avoid Iran Airspace Amid Tensions,[],False
This Town In Australia Has Imposed A Curfew On Its Children. Here's Why,[],False
"Australian Man Rescued From Drain Was Hiding, Not Looking For Phone: Cops",[],False
Australia Tightens Student Visa Rules As Migration Hits Record High,[],False
"Video: Australian Woman Performs Yoga, Breaks Into Bakery To Steal Pastry",[],False
Man Dies After Falling Off A Hot Air Balloon In Australia's Melbourne,[],False
Uber To Pay Australian Taxi Drivers $178 Million Compensation. Here's Why,['Economics/Money Related'],False
"Australia Foreign Minister Penny Wong Marries Longtime Partner, Shares Pic",[],False
"Media Baron Rupert Murdoch, 92, To Marry For 5th Time",[],False
"Australia's Beach Named World's Best Despite Deadly Animals, Wild Weather",[],False
Meta To Stop Paying Australian News Media,[],False
'Spy vs Spy': Australian Intel Chief Reveals Foreign Espionage Network,[],False
"Double Murder, Missing TV Host, Killer Cop In Sensational Australia Crime",['Violence'],False
Thousands Of  People Ordered To Evacuate As Bushfire Burns In Australia,[],False
Australian Taekwondo Instructor Arrested For Killing 3 Of Family,['Violence'],False
Indian National Dies In Flooding In Australia's Queensland,[],False
"Powerful Storm Sweeps Through Melbourne, 174,000 Homes Without Power",[],False
"The Latest Country To Give Right To Ignore Calls, Emails After Hours",[],False
Explained: What Is China's Suspended Death Penalty For Australian Blogger,['Violence'],False
China Says Australian Dissident Given Suspended Death Sentence,['Violence'],False
"IMF Raises 2024 Global Forecast, India Continues To Remain In Bright Spot",[],False
"Australian News Channel Apologises To MP For Editing Body, Outfit In Pic",[],False
"Shark Attacks Woman Swimming At Australia Beach, Mauls Her Leg",[],False
What Is 'Golden Visa' Scheme For Super-Rich That Australia Has Scraped?,[],True
H&M Accused Of Sexualising Children In New Ad: All You Need To Know,[],False
"721-Foot Ram Temple, World's Tallest, To Be Constructed In Perth",[],False
"Australian Woman, 62, Wins Legal Battle To Take Dead Husband's Sperm",[],False
"On His Last Day In Canberra, Indian Envoy Plays Tennis With Australian PM",[],False
Sharks Kills 15-Year-Old Surfing At Remote Spot In Southern Australia,['Violence'],False
Over 120 Kg 'Cocaine Bricks' Wash Up On Australia Beaches Over Christmas,[],False
"In First Such Verdict, Australia Finds Melbourne Man Guilty Of Working For China",[],False
Sydney's Air Quality On Par With Delhi After Rare Smog From Bushfires,[],False
"""Australia's Worst Female Serial Killer"" Acquitted Of Killing Her 4 Babies",['Violence'],False
"Australia Tightens Visa Rules: Focus On English Scores, Extended Stay",[],False
Indian Man Dies In Australia Car Crash; Wife Appeals For Help,[],False
"Australian Man, 25, Fighting For Life After Being Buried Alive On Beach",[],False
Indian-Origin Dave Sharma Sworn In As Australian Senator,[],False
Australian Cop Charged For Tasering 95-Year-Old Dementia Patient Who Died,['Violence'],False
Australia Sacks Powerful Officer Over Leaked WhatsApp Messages,[],False
"Consulate Expansion, Direct Flights, University Campus: Many Firsts In India-Australia Ties",[],False
"""Stop Making Reckless Charges"": China To Australia Over Naval Sonar Claim",[],False
"India, Australia Hold 2+2 Dialogue To Deepen Defence, Strategic Ties",[],False
"""Unsafe, Unprofessional"": Australia PM After China Warship Injures Navy Diver",[],False
Australian Foreign Minister Penny Wong In Delhi For 2+2 Ministerial Dialogue,[],False
Ex-MasterChef Australia Contestant Paul Frost Jailed For 24 Years For Sexually Abusing Children,[],False
"""Go Home Indian"" - Sikh Restaurateur Targeted In Australia: Report",[],False
"Australia Flags Threat From State-Backed Hackers, Singles Out 2 Countries",[],False
"Over 10 Million Australians Lose Internet, Phone Services In Major Telecom Outage",[],False
"China, Australia Can Become ""Trusting"" Partners: Xi Jinping",[],False
"Australia PM Anthony Albanese Sees ""Promising Signs"" Of Better China Ties",[],False
Ex-Indian Envoy Asked To Pay Compensation To Former Domestic Help: Report,[],False
"Australia PM Anthony Albanese Seeks Dialogue, Cooperation During ""Positive"" China Visit",[],False
3 Killed After Plane Crashes While Fighting Bushfire In Australia,['Violence'],False
Dramatic Video Shows Woman Running Onto Tarmac To Catch Her Flight In Australia,[],False
"""Left To Die"", Sons Of Australian Jailed In China Push For Father's Release",[],False
"""Shark Had His..."" Says Witness, Search On For Surfer's Body: Australia",[],False
US Woman Found Dead Three Days After Being Arrested For 911 Calls,[],False
"Thousands Of Wild Horses To Be Shot In Australia, Here's Why",[],False
Video: Terrifying Moment When Australian Surfer Collides With Whale,[],False
Carnival Australia Misled About Covid Risks In Cruise: Australian Court,[],False
Microsoft Announces $3.2 Billion Investment In Australia,['Economics/Money Related'],False
"Australia PM To Get Gala Biden Welcome With China, Ukraine Talks On Menu",[],False
Microsoft To Spend $3.2 Billion On Major AI Expansions In Australia,['Economics/Money Related'],False
"Musk's X Fined $3,86,000 Over Lack Of Information On Child Abuse Content",['Economics/Money Related'],False
What Is Australia's Indigenous Rights Referendum Vote? 5 Things To Know,[],True
Meet Australia's 'Cardboard King' Trump Is Accused Of Spilling US Nuke Secrets To,[],False
Bushfires Spread In Parts Of Australia Amid Spring Heatwave,[],False
Australia Reels Under Sweltering Heat Amid Bushfire Threats,[],False
"1 Killed, 1 Injured After Whale Strikes Boat Off Australia",['Violence'],False
Scientists Discover 8th 'Continent' That Had Been Missing For 375 Years,[],False
"British Crocodile Expert Raped Dozens of Dogs, Filmed Act In ""Torture Room""",[],False
Missing 2-Year-Old Girl In US Found Asleep In Remote Area Using Family Dog As Pillow,[],False
Australian Woman Mauled By Her 2 Rottweilers As Neighbours Watch,[],False
Australia Launches 12-Month Long Investigation Into Its Covid Response,[],False
Australia Says It Has Raised Canada Khalistani Terrorist's Death With India,['Violence'],False
"Australia Warns Of Worse Fires, Heat As El Nino Kicks In",[],False
"Indian-Origin Man In Australia Sues Hospital Claiming Wife's C-Section Caused Him ""Psychotic Illness""",[],False
3 Injured In Australian University Campus Stabbing,[],False
"Australia Sees ""Very Uncommon"" Heatwave, Temperatures Set To Break Records",[],False
"Australian Man Surfs With Pet Python Around His Neck, Fined $1,500",['Economics/Money Related'],False
Indigenous Rights Supporters Rally Across Australia Ahead Of Key Vote,[],False
Explained: Why Australia's Sydney Is Engulfed In Smoke For Days,[],False
"Smoke Blankets Sydney As Australia Prepares For ""Most Intense"" Bushfires",[],False
"""Breathed On Back Of My Neck"": Ex Australia Minister Harassed In Parliament",[],False
5-Year-Old Girl Dies Days After Being Misdiagnosed With Common Cold In Australia,[],False
"New Zealand Woman, 33, Dies Of Health Condition After She Was Told By Doctors That She Was Faking Her Illness",[],False
Australian Woman Suspended Over Racist Email To Indian Tennant: Report,[],False
"3 US Marines Killed As Aircraft, With 23 On Board, Crashes In Australia",['Violence'],False
"US Military Aircraft, With 20 On Board, Crashes In Australia: Report",[],False
"Australian Toddler Had ""Just A Fever"", It Turned Out To Be...",[],False
Australia Court Jails Ex School Principal For 15 Years For Child Sex Crimes,[],False
5-Year-Old Loses Toe While Playing On Merry-Go-Round In Australia,[],False
Australia Agrees $830 Million Long-Range Missile Deal With US,['Economics/Money Related'],False
"Man, 26, Killed In Bar Fight That Only Lasted 90 Seconds In Australia",['Violence'],False
Australian State To Pay $243 Million For Pulling Out Of Commonwealth Games,['Economics/Money Related'],False
"Australian Man Sentenced For Mailing Faeces, Urine To Hollywood Stars",[],False
Australian Couple Accused Of Having Sex With Dogs And Filming It Arrested,[],False
"Beef Wellington, 3 Deaths, And A Mushroom Mystery In Australia",['Violence'],False
Australia's Defence Department Charged After Crocodile Attacks 2 Soldiers,[],False
3 Dead After Eating Wild Mushrooms Served By Daughter-In-Law In Australia,[],False
Biden pledges air defences for Ukraine as Nato summit begins,[],False
First Democratic senator challenges Biden candidacy,[],False
Attempted carjacker shot outside top US judge's home,[],False
Prominent New Zealand couple targeted in deadly US robbery,[],False
US officials uncover alleged Russian ‘bot farm’,[],False
What are cognitive tests and what can they tell us about Biden and Trump?,[],True
Canada faces pressure at Nato summit for riding on 'coattails',[],False
Weinstein faces new sex assault inquiry in New York,[],False
$1bn gift pays tuition for most at Johns Hopkins med school,['Economics/Money Related'],False
Mummified body of missing US climber found after 22 years,[],False
National Portrait Gallery buys oldest photo of US first lady,[],False
Ticketmaster warns customers to take action after hack,[],False
New York bridge gets stuck open after getting too hot,[],False
Moment teen jumps from jet ski to stop runaway boat,[],False
California airport engulfed by wildfires,[],False
Watch fire engine rescue man from Beryl floods in Texas,[],False
How Canada became a car theft capital of the world,[],False
This Nato summit could save or sink Biden's candidacy,[],False
Democrats look to Kamala Harris - but could she beat Trump?,[],True
What to know as Alec Baldwin's Rust shooting trial begins,[],False
Who will be Donald Trump's pick for vice-president?,['Politics'],True
Biden pledges air defences for Ukraine as Nato summit begins,[],False
What are cognitive tests and what can they tell us about Biden and Trump?,[],True
What to know as Alec Baldwin's Rust shooting trial begins,[],False
Weinstein faces new sex assault inquiry in New York,[],False
Canada faces pressure at Nato summit for riding on 'coattails',[],False
US voters: We want to hear from you,[],False
